begin;
INSERT INTO "Факультеты" ("ID_факультета", "Название", "ФИО_декана", "Почта_факультета")
VALUES 
   (1, 'Факультет информационных технологий', 'Иванов Иван Иванович', 'it@miet.ru'),
   (2, 'Факультет экономики', 'Петров Петр Петрович', 'economics@miet.ru'),
   (3, 'Факультет иностранных языков', 'Сидорова Ольга Ивановна', 'languages@miet.ru'),
   (4, 'Факультет права', 'Смирнова Екатерина Сергеевна', 'law@miet.ru'),
   (5, 'Факультет психологии', 'Кузнецова Анна Алексеевна', 'psychology@miet.ru');
INSERT INTO "Группы" ("Номер_группы", "Форма_обучения", "Курс", "ID_факультета")
VALUES 
  ('ИТД-33', 'Очная', 3, 1),
  ('ИВТ-21', 'Очно-заочная', 2, 2),
  ('ИБ-21', 'Очная', 2, 1),
  ('ИБ-41', 'Заочная', 4, 3),
  ('ИВТ-43', 'Очно-заочная', 4, 4);
INSERT INTO "Студенты" ("Серия_и_номер_паспорта", "ФИО", "Дата_рождения", "Почта", "Группа")
VALUES 
  ('131294', 'Дроздов Марк Артёмович', '23.11.2002', 'DrozdovMark@miet.ru', 'ИБ-21'),
  ('317182', 'Самсонов Максим Андреевич', '02.11.2002', 'SamsonovMaksim@miet.ru', 'ИБ-21'),
  ('290821', 'Смирнов Ярослав Владиславович', '03.04.2002', 'SmirnovJaroslav@miet.ru', 'ИБ-21'),
  ('783116', 'Соловьев Сергей Владимирович', '02.08.2002', 'SolovevSergej@miet.ru', 'ИБ-21'),
  ('572109', 'Селиванов Дмитрий Маркович', '07.06.2002', 'SelivanovDmitrij@miet.ru', 'ИБ-21'),
  ('509853', 'Егоров Артём Юрьевич', '09.11.2002', 'EgorovArtem@miet.ru', 'ИБ-41'),
  ('961395', 'Грачев Андрей Всеволодович', '21.08.2002', 'GrachevAndrej@miet.ru', 'ИБ-41'),
  ('647831', 'Маслов Михаил Дмитриевич', '21.06.2002', 'MaslovMihail@miet.ru', 'ИБ-41'),
  ('994684', 'Кондратьева Варвара Никитична', '04.12.2002', 'KondratevaVarvara@miet.ru', 'ИВТ-43'),
  ('111958', 'Коровина Мария Георгиевна', '10.02.2002', 'KorovinaMarija@miet.ru', 'ИВТ-43'),
  ('424864', 'Сахарова Милана Станиславовна', '12.03.2002', 'SaharovaMilana@miet.ru',  'ИВТ-43'),
  ('587321', 'Князева Маргарита Арсентьевна', '19.07.2002', 'KnjazevaMargarita@miet.ru', 'ИТД-33'),
  ('882376', 'Князева Есения Александровна', '28.05.2002', 'KnjazevaEsenija@miet.ru', 'ИТД-33'),
  ('555088', 'Родионова Арина Борисовна', '06.06.2002', 'RodionovaArina@miet.ru', 'ИВТ-21'),
  ('709016', 'Андреева Ева Кирилловна', '22.06.2002', 'AndreevaEva@miet.ru', 'ИВТ-21');
  INSERT INTO "Студенческие_билеты" ("Серия_и_номер_паспорта", "Номер_студенческого_билета", "Дата_получения", "До_какого_действителен")
VALUES
  ('131294', '80001', '2022-09-01', '2025-09-01'),
  ('317182', '80002', '2022-09-01', '2025-09-01'),
  ('290821', '80003', '2022-09-01', '2025-09-01'),
  ('783116', '80004', '2022-09-01', '2025-09-01'),
  ('572109', '80005', '2022-09-01', '2025-09-01'),
  ('509853', '80006', '2022-09-01', '2025-09-01'),
  ('961395', '80007', '2022-09-01', '2023-09-01'),
  ('647831', '80008', '2022-09-01', '2023-09-01'),
  ('994684', '80009', '2022-09-01', '2023-09-01'),
  ('111958', '80010', '2022-09-01', '2023-09-01'),
  ('424864', '80011', '2022-09-01', '2023-09-01'),
  ('587321', '80012', '2022-09-01', '2024-09-01'),
  ('882376', '80013', '2022-09-01', '2024-09-01'),
  ('555088', '80014', '2022-09-01', '2025-09-01'),
  ('709016', '80015', '2022-09-01', '2025-09-01');
INSERT INTO "Предприятия" ("ID_предприятия", "Название", "Количество_доступных_мест")
VALUES
  (1, 'ООО Рога и Копыта', 2),
  (2, 'ЗАО Птичий Рынок', 3),
  (3, 'ИП Васильев', 1),
  (4, 'АО Солнечный Берег', 5),
  (5, 'ОАО Промтехнологии', 2);
INSERT INTO "Трудовые_договоры" ("Номер_договора", "Код_предприятия", "Паспортные_данные_студента", "Дата_начала_практики", "Дата_окончания_договора")
VALUES
  (1, 1, 131294, '2022-01-01', '2023-03-01'),
  (2, 1, 131294, '2022-02-15', '2023-04-15'),
  (3, 2, 317182, '2022-03-01', '2023-05-01'),
  (4, 2, 290821, '2022-04-01', '2023-06-01'),
  (5, 2, 290821, '2022-05-01', '2023-07-01'),
  (6, 3, 783116, '2022-01-01', '2023-03-01'),
  (7, 4, 572109, '2022-01-01', '2023-03-01'),
  (8, 4, 509853, '2022-01-01', '2023-03-01'),
  (9, 4, 961395, '2022-01-01', '2023-03-01'),
  (10, 4, 647831, '2022-01-01', '2023-03-01'),
  (11, 4, 994684, '2022-01-01', '2023-03-01'),
  (12, 5, 111958, '2022-01-01', '2023-03-01');